movie_odid,Movie ID,Movie Success
24910100,24910100,1
19540100,19540100,1
19850100,19850100,1
75540100,75540100,1
7780100,7780100,1
31930100,31930100,1
35340100,35340100,1
130560100,130560100,1
24440100,24440100,1
40190100,40190100,1
40870100,40870100,1
14070100,14070100,1
74420100,74420100,1
130880100,130880100,1
24260100,24260100,1
26000100,26000100,1
18030100,18030100,1
2620100,2620100,1
83460100,83460100,1
71010100,71010100,1
41200100,41200100,1
32340100,32340100,1
27190100,27190100,1
22630100,22630100,1
45610100,45610100,1
16570100,16570100,1
28450100,28450100,1
54100100,54100100,1
16720100,16720100,1
11750100,11750100,1
23280100,23280100,1
27520100,27520100,1
52070100,52070100,1
14570100,14570100,1
13800100,13800100,1
5860100,5860100,1
59180100,59180100,1
16690100,16690100,1
48380100,48380100,1
36990100,36990100,1
110030100,110030100,1
2860100,2860100,1
41460100,41460100,1
5600100,5600100,1
10330100,10330100,1
130090100,130090100,1
9100100,9100100,1
10120100,10120100,1
10900100,10900100,1
130300100,130300100,1
14590100,14590100,1
130180100,130180100,1
29460100,29460100,1
5010100,5010100,1
5020100,5020100,1
11330100,11330100,1
16190100,16190100,1
6650100,6650100,1
3140100,3140100,1
16830100,16830100,1
6310100,6310100,1
6760100,6760100,1
1590100,1590100,1
8480100,8480100,1
23100100,23100100,1
32730100,32730100,1
7030100,7030100,1
9740100,9740100,1
44650100,44650100,1
1870100,1870100,1
1000100,1000100,1
6580100,6580100,1
13140100,13140100,1
3960100,3960100,1
15960100,15960100,1
30130100,30130100,1
5570100,5570100,1
15160100,15160100,1
8000100,8000100,1
2280100,2280100,1
5470100,5470100,1
980100,980100,1
8200100,8200100,1
8290100,8290100,1
5270100,5270100,1
2450100,2450100,1
9180100,9180100,1
1490100,1490100,1
510100,510100,1
750100,750100,1
8150100,8150100,1
7910100,7910100,1
2430100,2430100,1
2760100,2760100,1
620100,620100,1
70100,70100,1
940100,940100,1
8190100,8190100,1
45640100,45640100,1
24920100,24920100,1
62540100,62540100,1
35540100,35540100,1
117390100,117390100,1
54910100,54910100,1
44640100,44640100,1
51520100,51520100,1
11260100,11260100,1
35610100,35610100,1
21050100,21050100,1
33550100,33550100,1
8410100,8410100,1
44590100,44590100,1
8990100,8990100,1
38270100,38270100,1
24580100,24580100,1
9700100,9700100,1
47450100,47450100,1
38530100,38530100,1
130270100,130270100,1
18640100,18640100,1
50540100,50540100,1
33030100,33030100,1
36760100,36760100,1
59620100,59620100,1
16040100,16040100,1
22440100,22440100,1
51200100,51200100,1
26490100,26490100,1
133140100,133140100,1
34490100,34490100,1
15920100,15920100,1
2970100,2970100,1
24940100,24940100,1
40120100,40120100,1
25600100,25600100,1
21080100,21080100,1
28530100,28530100,1
26730100,26730100,1
5850100,5850100,1
26300100,26300100,1
29470100,29470100,1
49050100,49050100,1
38070100,38070100,1
14120100,14120100,1
11600100,11600100,1
39500100,39500100,1
15510100,15510100,1
11300100,11300100,1
4840100,4840100,1
48080100,48080100,1
129960100,129960100,1
42850100,42850100,1
14150100,14150100,1
23310100,23310100,1
17000100,17000100,1
16220100,16220100,1
31760100,31760100,1
17980100,17980100,1
6530100,6530100,1
13890100,13890100,1
41990100,41990100,1
5560100,5560100,1
41320100,41320100,1
1850100,1850100,1
37840100,37840100,1
19510100,19510100,1
12850100,12850100,1
9970100,9970100,1
130150100,130150100,1
100700100,100700100,1
10710100,10710100,1
33730100,33730100,1
49520100,49520100,1
16120100,16120100,1
35870100,35870100,1
9870100,9870100,1
30380100,30380100,1
26770100,26770100,1
12680100,12680100,1
13000100,13000100,1
33270100,33270100,1
13340100,13340100,1
21470100,21470100,1
13820100,13820100,1
50090100,50090100,1
47400100,47400100,1
4660100,4660100,1
10840100,10840100,1
22040100,22040100,1
130050100,130050100,1
19920100,19920100,1
27920100,27920100,1
21560100,21560100,1
28880100,28880100,1
770100,770100,1
45050100,45050100,1
1470100,1470100,1
129760100,129760100,1
11790100,11790100,1
3160100,3160100,1
44660100,44660100,1
15390100,15390100,1
14500100,14500100,1
26880100,26880100,1
1140100,1140100,1
11690100,11690100,1
3130100,3130100,1
7580100,7580100,1
30170100,30170100,1
17120100,17120100,1
2670100,2670100,1
3060100,3060100,1
3240100,3240100,1
129820100,129820100,1
8860100,8860100,1
2390100,2390100,1
3310100,3310100,1
2500100,2500100,1
680100,680100,1
480100,480100,1
870100,870100,1
330100,330100,1
5580100,5580100,1
210100,210100,1
200100,200100,1
4330100,4330100,1
2150100,2150100,1
7110100,7110100,1
170100,170100,1
270100,270100,1
118680100,118680100,1
18090100,18090100,1
41220100,41220100,1
27330100,27330100,1
44250100,44250100,1
9370100,9370100,1
14980100,14980100,1
4880100,4880100,1
18120100,18120100,1
17940100,17940100,1
49470100,49470100,1
40110100,40110100,1
58120100,58120100,1
33280100,33280100,1
14760100,14760100,1
38710100,38710100,1
104740100,104740100,1
2110100,2110100,1
54900100,54900100,1
59260100,59260100,1
83140100,83140100,1
36870100,36870100,1
40880100,40880100,1
43500100,43500100,1
115840100,115840100,1
58330100,58330100,1
22700100,22700100,1
20300100,20300100,1
42110100,42110100,1
9040100,9040100,1
12650100,12650100,1
45180100,45180100,1
45160100,45160100,1
43920100,43920100,1
39700100,39700100,1
71820100,71820100,1
32520100,32520100,1
18780100,18780100,1
61280100,61280100,1
130920100,130920100,1
43260100,43260100,1
17850100,17850100,1
20320100,20320100,1
13250100,13250100,1
47930100,47930100,1
14290100,14290100,1
35380100,35380100,1
31340100,31340100,1
130480100,130480100,1
75090100,75090100,1
4580100,4580100,1
108370100,108370100,1
25960100,25960100,1
51760100,51760100,1
16950100,16950100,1
20570100,20570100,1
47890100,47890100,1
28870100,28870100,1
21690100,21690100,1
24670100,24670100,1
22510100,22510100,1
25710100,25710100,1
95820100,95820100,1
34920100,34920100,1
18110100,18110100,1
5880100,5880100,1
35930100,35930100,1
47520100,47520100,1
1890100,1890100,1
11410100,11410100,1
51830100,51830100,1
30960100,30960100,1
27650100,27650100,1
21140100,21140100,1
5110100,5110100,1
60770100,60770100,1
31840100,31840100,1
12560100,12560100,1
13080100,13080100,1
7420100,7420100,1
53010100,53010100,1
26540100,26540100,1
28230100,28230100,1
8240100,8240100,1
14650100,14650100,1
129930100,129930100,1
8580100,8580100,1
29500100,29500100,1
16620100,16620100,1
35590100,35590100,1
18440100,18440100,1
5810100,5810100,1
24500100,24500100,1
19410100,19410100,1
106860100,106860100,1
20910100,20910100,1
13720100,13720100,1
129900100,129900100,1
40290100,40290100,1
8610100,8610100,1
18730100,18730100,1
1040100,1040100,1
11500100,11500100,1
37800100,37800100,1
40790100,40790100,1
62400100,62400100,1
12080100,12080100,1
17930100,17930100,1
17270100,17270100,1
34060100,34060100,1
20350100,20350100,1
6690100,6690100,1
29990100,29990100,1
22920100,22920100,1
40730100,40730100,1
23220100,23220100,1
4090100,4090100,1
12970100,12970100,1
19430100,19430100,1
4440100,4440100,1
2020100,2020100,1
7150100,7150100,1
16900100,16900100,1
10400100,10400100,1
15870100,15870100,1
1810100,1810100,1
18140100,18140100,1
71930100,71930100,1
25460100,25460100,1
2040100,2040100,1
13980100,13980100,1
10730100,10730100,1
7930100,7930100,1
47080100,47080100,1
34550100,34550100,1
17610100,17610100,1
4290100,4290100,1
15620100,15620100,1
14240100,14240100,1
7050100,7050100,1
2400100,2400100,1
3590100,3590100,1
4130100,4130100,1
2560100,2560100,1
5970100,5970100,1
3040100,3040100,1
5870100,5870100,1
6260100,6260100,1
1750100,1750100,1
5440100,5440100,1
4380100,4380100,1
3560100,3560100,1
6890100,6890100,1
129860100,129860100,1
12600100,12600100,1
11190100,11190100,1
790100,790100,1
2380100,2380100,1
1230100,1230100,1
670100,670100,1
3380100,3380100,1
2680100,2680100,1
4040100,4040100,1
700100,700100,1
240100,240100,1
20100,20100,1
220100,220100,1
2070100,2070100,1
1460100,1460100,1
112640100,112640100,1
135010100,135010100,1
142550100,142550100,1
30210100,30210100,1
115320100,115320100,1
109520100,109520100,1
135280100,135280100,1
245740100,245740100,1
153060100,153060100,1
134650100,134650100,1
51570100,51570100,1
139470100,139470100,1
129040100,129040100,1
120480100,120480100,1
37980100,37980100,1
110660100,110660100,1
125740100,125740100,1
29770100,29770100,1
112840100,112840100,1
10510100,10510100,1
53310100,53310100,1
33690100,33690100,1
43620100,43620100,1
106310100,106310100,1
116050100,116050100,1
17320100,17320100,1
18100100,18100100,1
19950100,19950100,1
45910100,45910100,1
13010100,13010100,1
39170100,39170100,1
114810100,114810100,1
39380100,39380100,1
7850100,7850100,1
112250100,112250100,1
4890100,4890100,1
36590100,36590100,1
110260100,110260100,1
110040100,110040100,1
30590100,30590100,1
22210100,22210100,1
107400100,107400100,1
114230100,114230100,1
15360100,15360100,1
134090100,134090100,1
14090100,14090100,1
130680100,130680100,1
32100100,32100100,1
46060100,46060100,1
134230100,134230100,1
133410100,133410100,1
25100100,25100100,1
105130100,105130100,1
112430100,112430100,1
50520100,50520100,1
27810100,27810100,1
84040100,84040100,1
13480100,13480100,1
7340100,7340100,1
38170100,38170100,1
31470100,31470100,1
108930100,108930100,1
53160100,53160100,1
105270100,105270100,1
109740100,109740100,1
112590100,112590100,1
22770100,22770100,1
115470100,115470100,1
118960100,118960100,1
110900100,110900100,1
1960100,1960100,1
21020100,21020100,1
117920100,117920100,1
112190100,112190100,1
1920100,1920100,1
11280100,11280100,1
112360100,112360100,1
41490100,41490100,1
8880100,8880100,1
135330100,135330100,1
109830100,109830100,1
3460100,3460100,1
5960100,5960100,1
38290100,38290100,1
119330100,119330100,1
13190100,13190100,1
22060100,22060100,1
110740100,110740100,1
110420100,110420100,1
128920100,128920100,1
122480100,122480100,1
30720100,30720100,1
38250100,38250100,1
112340100,112340100,1
122820100,122820100,1
410100,410100,1
6630100,6630100,1
112310100,112310100,1
12140100,12140100,1
115330100,115330100,1
5030100,5030100,1
17870100,17870100,1
8460100,8460100,1
115070100,115070100,1
1600100,1600100,1
4590100,4590100,1
133430100,133430100,1
4960100,4960100,1
6840100,6840100,1
7980100,7980100,1
116510100,116510100,1
8230100,8230100,1
109380100,109380100,1
111860100,111860100,1
8660100,8660100,1
135760100,135760100,1
21900100,21900100,1
147720100,147720100,1
17740100,17740100,1
38580100,38580100,1
7470100,7470100,1
5910100,5910100,1
21260100,21260100,1
123120100,123120100,1
107880100,107880100,1
25660100,25660100,1
116560100,116560100,1
111070100,111070100,1
112380100,112380100,1
113330100,113330100,1
114440100,114440100,1
29070100,29070100,1
109930100,109930100,1
109690100,109690100,1
17920100,17920100,1
12790100,12790100,1
15290100,15290100,1
13770100,13770100,1
27740100,27740100,1
120740100,120740100,1
109340100,109340100,1
112100100,112100100,1
116120100,116120100,1
6410100,6410100,1
125850100,125850100,1
133160100,133160100,1
3500100,3500100,1
10450100,10450100,1
109100100,109100100,1
107210100,107210100,1
107950100,107950100,1
116330100,116330100,1
116790100,116790100,1
1720100,1720100,1
1010100,1010100,1
126600100,126600100,1
125100100,125100100,1
15990100,15990100,1
11210100,11210100,1
107330100,107330100,1
4460100,4460100,1
124040100,124040100,1
7770100,7770100,1
3740100,3740100,1
470100,470100,1
1290100,1290100,1
1250100,1250100,1
2440100,2440100,1
3230100,3230100,1
970100,970100,1
340100,340100,1
1910100,1910100,1
116220100,116220100,1
133340100,133340100,1
2820100,2820100,1
90100,90100,1
310100,310100,1
122040100,122040100,1
159050100,159050100,1
158530100,158530100,1
139720100,139720100,1
135350100,135350100,1
110840100,110840100,1
147040100,147040100,1
138980100,138980100,1
134550100,134550100,1
139810100,139810100,1
142040100,142040100,1
144750100,144750100,1
138830100,138830100,1
159030100,159030100,1
138990100,138990100,1
137710100,137710100,1
141500100,141500100,1
108640100,108640100,1
150480100,150480100,1
146890100,146890100,1
138880100,138880100,1
148100100,148100100,1
139790100,139790100,1
144710100,144710100,1
135540100,135540100,1
150390100,150390100,1
151100100,151100100,1
140330100,140330100,1
124320100,124320100,1
152540100,152540100,1
110780100,110780100,1
110890100,110890100,1
150920100,150920100,1
139480100,139480100,1
146210100,146210100,1
150310100,150310100,1
138870100,138870100,1
143880100,143880100,1
128940100,128940100,1
105410100,105410100,1
113710100,113710100,1
111680100,111680100,1
139650100,139650100,1
111180100,111180100,1
139510100,139510100,1
111660100,111660100,1
135950100,135950100,1
120330100,120330100,1
139660100,139660100,1
105000100,105000100,1
142200100,142200100,1
149800100,149800100,1
140470100,140470100,1
107980100,107980100,1
136390100,136390100,1
139000100,139000100,1
134830100,134830100,1
145290100,145290100,1
143930100,143930100,1
139770100,139770100,1
141540100,141540100,1
105360100,105360100,1
136850100,136850100,1
142370100,142370100,1
129750100,129750100,1
115420100,115420100,1
107060100,107060100,1
133250100,133250100,1
138160100,138160100,1
110160100,110160100,1
126410100,126410100,1
111280100,111280100,1
146480100,146480100,1
142710100,142710100,1
135960100,135960100,1
141380100,141380100,1
105280100,105280100,1
140080100,140080100,1
158680100,158680100,1
114270100,114270100,1
119680100,119680100,1
125870100,125870100,1
105290100,105290100,1
143130100,143130100,1
137940100,137940100,1
110770100,110770100,1
141940100,141940100,1
144320100,144320100,1
134670100,134670100,1
139540100,139540100,1
146720100,146720100,1
135940100,135940100,1
150420100,150420100,1
151200100,151200100,1
125900100,125900100,1
120400100,120400100,1
139010100,139010100,1
121460100,121460100,1
145710100,145710100,1
147590100,147590100,1
134560100,134560100,1
138890100,138890100,1
124050100,124050100,1
145090100,145090100,1
158770100,158770100,1
142540100,142540100,1
143670100,143670100,1
129200100,129200100,1
150800100,150800100,1
111850100,111850100,1
139020100,139020100,1
118220100,118220100,1
111060100,111060100,1
111950100,111950100,1
140350100,140350100,1
146170100,146170100,1
150150100,150150100,1
143010100,143010100,1
110860100,110860100,1
110150100,110150100,1
143810100,143810100,1
126680100,126680100,1
151150100,151150100,1
140790100,140790100,1
104430100,104430100,1
141400100,141400100,1
134750100,134750100,1
143800100,143800100,1
118260100,118260100,1
105320100,105320100,1
142490100,142490100,1
126690100,126690100,1
111080100,111080100,1
143950100,143950100,1
135990100,135990100,1
111880100,111880100,1
111290100,111290100,1
111870100,111870100,1
141310100,141310100,1
145300100,145300100,1
143910100,143910100,1
139030100,139030100,1
128960100,128960100,1
140980100,140980100,1
140960100,140960100,1
143840100,143840100,1
140070100,140070100,1
143920100,143920100,1
138040100,138040100,1
134470100,134470100,1
104890100,104890100,1
118550100,118550100,1
109710100,109710100,1
115710100,115710100,1
120790100,120790100,1
143680100,143680100,1
142190100,142190100,1
111670100,111670100,1
143070100,143070100,1
148790100,148790100,1
145230100,145230100,1
149940100,149940100,1
143890100,143890100,1
142150100,142150100,1
138960100,138960100,1
111700100,111700100,1
106810100,106810100,1
150570100,150570100,1
146310100,146310100,1
111610100,111610100,1
140050100,140050100,1
138070100,138070100,1
111630100,111630100,1
116240100,116240100,1
158310100,158310100,1
114370100,114370100,1
111170100,111170100,1
145070100,145070100,1
109670100,109670100,1
115110100,115110100,1
107900100,107900100,1
124670100,124670100,1
129190100,129190100,1
151140100,151140100,1
115100100,115100100,1
143830100,143830100,1
128950100,128950100,1
129110100,129110100,1
121730100,121730100,1
110870100,110870100,1
109820100,109820100,1
137510100,137510100,1
120660100,120660100,1
139070100,139070100,1
143780100,143780100,1
104560100,104560100,1
121650100,121650100,1
107550100,107550100,1
142280100,142280100,1
105550100,105550100,1
121300100,121300100,1
128770100,128770100,1
118350100,118350100,1
107800100,107800100,1
143960100,143960100,1
107710100,107710100,1
106790100,106790100,1
128670100,128670100,1
134570100,134570100,1
121810100,121810100,1
119340100,119340100,1
148150100,148150100,1
109080100,109080100,1
108740100,108740100,1
108070100,108070100,1
135920100,135920100,1
121310100,121310100,1
105240100,105240100,1
105370100,105370100,1
116630100,116630100,1
111460100,111460100,1
117940100,117940100,1
110130100,110130100,1
115700100,115700100,1
121880100,121880100,1
120120100,120120100,1
117590100,117590100,1
110410100,110410100,1
143470100,143470100,1
167380100,167380100,1
147420100,147420100,1
148880100,148880100,1
170110100,170110100,1
164220100,164220100,1
173340100,173340100,1
144180100,144180100,1
152930100,152930100,1
160260100,160260100,1
143410100,143410100,1
174220100,174220100,1
170980100,170980100,1
164390100,164390100,1
141810100,141810100,1
162830100,162830100,1
163750100,163750100,1
161740100,161740100,1
153510100,153510100,1
150540100,150540100,1
162190100,162190100,1
143480100,143480100,1
151390100,151390100,1
143590100,143590100,1
143220100,143220100,1
140530100,140530100,1
230440100,230440100,1
143000100,143000100,1
145500100,145500100,1
143490100,143490100,1
150320100,150320100,1
163170100,163170100,1
150870100,150870100,1
144890100,144890100,1
140180100,140180100,1
151660100,151660100,1
147140100,147140100,1
166340100,166340100,1
140260100,140260100,1
160300100,160300100,1
147180100,147180100,1
153580100,153580100,1
145040100,145040100,1
163190100,163190100,1
145750100,145750100,1
158400100,158400100,1
162960100,162960100,1
150530100,150530100,1
148380100,148380100,1
138900100,138900100,1
147300100,147300100,1
151620100,151620100,1
145050100,145050100,1
145340100,145340100,1
160480100,160480100,1
152270100,152270100,1
145190100,145190100,1
171480100,171480100,1
143790100,143790100,1
161080100,161080100,1
166970100,166970100,1
143870100,143870100,1
141220100,141220100,1
149620100,149620100,1
140620100,140620100,1
162070100,162070100,1
167430100,167430100,1
145030100,145030100,1
149290100,149290100,1
140660100,140660100,1
146300100,146300100,1
149520100,149520100,1
140720100,140720100,1
139610100,139610100,1
165270100,165270100,1
148530100,148530100,1
167390100,167390100,1
152720100,152720100,1
145490100,145490100,1
160750100,160750100,1
143650100,143650100,1
165300100,165300100,1
143660100,143660100,1
143600100,143600100,1
148870100,148870100,1
140110100,140110100,1
139620100,139620100,1
148410100,148410100,1
140090100,140090100,1
149650100,149650100,1
115660100,115660100,1
146740100,146740100,1
145920100,145920100,1
141870100,141870100,1
147490100,147490100,1
153610100,153610100,1
145310100,145310100,1
145630100,145630100,1
140540100,140540100,1
143210100,143210100,1
146510100,146510100,1
140580100,140580100,1
150780100,150780100,1
153600100,153600100,1
146970100,146970100,1
148840100,148840100,1
140750100,140750100,1
149600100,149600100,1
151130100,151130100,1
145140100,145140100,1
139590100,139590100,1
166240100,166240100,1
145970100,145970100,1
165120100,165120100,1
150790100,150790100,1
158690100,158690100,1
167070100,167070100,1
142020100,142020100,1
161030100,161030100,1
149340100,149340100,1
104420100,104420100,1
123940100,123940100,1
149540100,149540100,1
139560100,139560100,1
141130100,141130100,1
145620100,145620100,1
144870100,144870100,1
143640100,143640100,1
129120100,129120100,1
139580100,139580100,1
109460100,109460100,1
161720100,161720100,1
143860100,143860100,1
147090100,147090100,1
150770100,150770100,1
111140100,111140100,1
129170100,129170100,1
148540100,148540100,1
149490100,149490100,1
161110100,161110100,1
114290100,114290100,1
114300100,114300100,1
140650100,140650100,1
139640100,139640100,1
140550100,140550100,1
162080100,162080100,1
143500100,143500100,1
162940100,162940100,1
152950100,152950100,1
141850100,141850100,1
105300100,105300100,1
118330100,118330100,1
143850100,143850100,1
139600100,139600100,1
105420100,105420100,1
153460100,153460100,1
150610100,150610100,1
139980100,139980100,1
148440100,148440100,1
114060100,114060100,1
133010100,133010100,1
129160100,129160100,1
125350100,125350100,1
124300100,124300100,1
144120100,144120100,1
109130100,109130100,1
122570100,122570100,1
141460100,141460100,1
142700100,142700100,1
118940100,118940100,1
152250100,152250100,1
140210100,140210100,1
123090100,123090100,1
145450100,145450100,1
108970100,108970100,1
145660100,145660100,1
109700100,109700100,1
124080100,124080100,1
148250100,148250100,1
144790100,144790100,1
125920100,125920100,1
112540100,112540100,1
117960100,117960100,1
140100100,140100100,1
126650100,126650100,1
177970100,177970100,1
174800100,174800100,1
185940100,185940100,1
170940100,170940100,1
180070100,180070100,1
184960100,184960100,1
171140100,171140100,1
161370100,161370100,1
174660100,174660100,1
180410100,180410100,1
177560100,177560100,1
181990100,181990100,1
174080100,174080100,1
164810100,164810100,1
162750100,162750100,1
173660100,173660100,1
174960100,174960100,1
176710100,176710100,1
181290100,181290100,1
181610100,181610100,1
161240100,161240100,1
176830100,176830100,1
145010100,145010100,1
185040100,185040100,1
174770100,174770100,1
175620100,175620100,1
168840100,168840100,1
163800100,163800100,1
178490100,178490100,1
175230100,175230100,1
170290100,170290100,1
171260100,171260100,1
165990100,165990100,1
176420100,176420100,1
183340100,183340100,1
168850100,168850100,1
173670100,173670100,1
148310100,148310100,1
183810100,183810100,1
164540100,164540100,1
169340100,169340100,1
177620100,177620100,1
175670100,175670100,1
176370100,176370100,1
182960100,182960100,1
169370100,169370100,1
173010100,173010100,1
177140100,177140100,1
161730100,161730100,1
174670100,174670100,1
176590100,176590100,1
172370100,172370100,1
166690100,166690100,1
163150100,163150100,1
107130100,107130100,1
167170100,167170100,1
143190100,143190100,1
161360100,161360100,1
173220100,173220100,1
162120100,162120100,1
172630100,172630100,1
177040100,177040100,1
179790100,179790100,1
169110100,169110100,1
167200100,167200100,1
158870100,158870100,1
143400100,143400100,1
165950100,165950100,1
172360100,172360100,1
115430100,115430100,1
142640100,142640100,1
142430100,142430100,1
153070100,153070100,1
160040100,160040100,1
106580100,106580100,1
144130100,144130100,1
163130100,163130100,1
140150100,140150100,1
143450100,143450100,1
167400100,167400100,1
139990100,139990100,1
145700100,145700100,1
113780100,113780100,1
128880100,128880100,1
141880100,141880100,1
163420100,163420100,1
158880100,158880100,1
124130100,124130100,1
145420100,145420100,1
134620100,134620100,1
153090100,153090100,1
139860100,139860100,1
146800100,146800100,1
125160100,125160100,1
126540100,126540100,1
140240100,140240100,1
198280100,198280100,1
195180100,195180100,1
228350100,228350100,1
176980100,176980100,1
187290100,187290100,1
183320100,183320100,1
192610100,192610100,1
197330100,197330100,1
198260100,198260100,1
200070100,200070100,1
191160100,191160100,1
179780100,179780100,1
191180100,191180100,1
191170100,191170100,1
185760100,185760100,1
175330100,175330100,1
190390100,190390100,1
182000100,182000100,1
151720100,151720100,1
201330100,201330100,1
189510100,189510100,1
194760100,194760100,1
198730100,198730100,1
199050100,199050100,1
242880100,242880100,1
184400100,184400100,1
188570100,188570100,1
187530100,187530100,1
186690100,186690100,1
199740100,199740100,1
186170100,186170100,1
195940100,195940100,1
183700100,183700100,1
186070100,186070100,1
190400100,190400100,1
150360100,150360100,1
179730100,179730100,1
189660100,189660100,1
183280100,183280100,1
199900100,199900100,1
174970100,174970100,1
205210100,205210100,1
183860100,183860100,1
198630100,198630100,1
193470100,193470100,1
198790100,198790100,1
179520100,179520100,1
192820100,192820100,1
187110100,187110100,1
198500100,198500100,1
196280100,196280100,1
186790100,186790100,1
186200100,186200100,1
186900100,186900100,1
200840100,200840100,1
192720100,192720100,1
181410100,181410100,1
193510100,193510100,1
198720100,198720100,1
147410100,147410100,1
179510100,179510100,1
179020100,179020100,1
175640100,175640100,1
190810100,190810100,1
198820100,198820100,1
175870100,175870100,1
228150100,228150100,1
173860100,173860100,1
183100100,183100100,1
188440100,188440100,1
124140100,124140100,1
179610100,179610100,1
188220100,188220100,1
147270100,147270100,1
186910100,186910100,1
203900100,203900100,1
194070100,194070100,1
189030100,189030100,1
176940100,176940100,1
182970100,182970100,1
185670100,185670100,1
193250100,193250100,1
170950100,170950100,1
149460100,149460100,1
186230100,186230100,1
176720100,176720100,1
180710100,180710100,1
196470100,196470100,1
175660100,175660100,1
175340100,175340100,1
183690100,183690100,1
185260100,185260100,1
142920100,142920100,1
187550100,187550100,1
169360100,169360100,1
163140100,163140100,1
173870100,173870100,1
169330100,169330100,1
168860100,168860100,1
193110100,193110100,1
170460100,170460100,1
165020100,165020100,1
186700100,186700100,1
172640100,172640100,1
174430100,174430100,1
165790100,165790100,1
151730100,151730100,1
119960100,119960100,1
165350100,165350100,1
128830100,128830100,1
158560100,158560100,1
143610100,143610100,1
147730100,147730100,1
163710100,163710100,1
176180100,176180100,1
164550100,164550100,1
140680100,140680100,1
143580100,143580100,1
163740100,163740100,1
165290100,165290100,1
173060100,173060100,1
126210100,126210100,1
126310100,126310100,1
216770100,216770100,1
222610100,222610100,1
212590100,212590100,1
126660100,126660100,1
228260100,228260100,1
207760100,207760100,1
210040100,210040100,1
212880100,212880100,1
233430100,233430100,1
230280100,230280100,1
146900100,146900100,1
220190100,220190100,1
220510100,220510100,1
198430100,198430100,1
217960100,217960100,1
212890100,212890100,1
202220100,202220100,1
185680100,185680100,1
144990100,144990100,1
210050100,210050100,1
226810100,226810100,1
207150100,207150100,1
230990100,230990100,1
207560100,207560100,1
207140100,207140100,1
191210100,191210100,1
204470100,204470100,1
202630100,202630100,1
205930100,205930100,1
206120100,206120100,1
213380100,213380100,1
210010100,210010100,1
205740100,205740100,1
202180100,202180100,1
212720100,212720100,1
242240100,242240100,1
197730100,197730100,1
205720100,205720100,1
205950100,205950100,1
216230100,216230100,1
191590100,191590100,1
192700100,192700100,1
215510100,215510100,1
145580100,145580100,1
211390100,211390100,1
213840100,213840100,1
204250100,204250100,1
204870100,204870100,1
193490100,193490100,1
220200100,220200100,1
203290100,203290100,1
190170100,190170100,1
200850100,200850100,1
215540100,215540100,1
200410100,200410100,1
197720100,197720100,1
227340100,227340100,1
147080100,147080100,1
121740100,121740100,1
199460100,199460100,1
229410100,229410100,1
203520100,203520100,1
214770100,214770100,1
203050100,203050100,1
212530100,212530100,1
196800100,196800100,1
205520100,205520100,1
231820100,231820100,1
191600100,191600100,1
214950100,214950100,1
187380100,187380100,1
209330100,209330100,1
198490100,198490100,1
129290100,129290100,1
199820100,199820100,1
193640100,193640100,1
204260100,204260100,1
193100100,193100100,1
191960100,191960100,1
201180100,201180100,1
191860100,191860100,1
200420100,200420100,1
191200100,191200100,1
199800100,199800100,1
198210100,198210100,1
195480100,195480100,1
141410100,141410100,1
196480100,196480100,1
195470100,195470100,1
212070100,212070100,1
191190100,191190100,1
193480100,193480100,1
198200100,198200100,1
185160100,185160100,1
197340100,197340100,1
193530100,193530100,1
209270100,209270100,1
161050100,161050100,1
198800100,198800100,1
189420100,189420100,1
194560100,194560100,1
199830100,199830100,1
178540100,178540100,1
196200100,196200100,1
142980100,142980100,1
200580100,200580100,1
173390100,173390100,1
180630100,180630100,1
190910100,190910100,1
180590100,180590100,1
189610100,189610100,1
194130100,194130100,1
164120100,164120100,1
146640100,146640100,1
193500100,193500100,1
188460100,188460100,1
200860100,200860100,1
201640100,201640100,1
188040100,188040100,1
178290100,178290100,1
187390100,187390100,1
188030100,188030100,1
175350100,175350100,1
180270100,180270100,1
181330100,181330100,1
192510100,192510100,1
142670100,142670100,1
181590100,181590100,1
191970100,191970100,1
148030100,148030100,1
174890100,174890100,1
165370100,165370100,1
176950100,176950100,1
186220100,186220100,1
193830100,193830100,1
189400100,189400100,1
165390100,165390100,1
190820100,190820100,1
176960100,176960100,1
118060100,118060100,1
179210100,179210100,1
179490100,179490100,1
211270100,211270100,1
223800100,223800100,1
208700100,208700100,1
221130100,221130100,1
200270100,200270100,1
205230100,205230100,1
218610100,218610100,1
238820100,238820100,1
225840100,225840100,1
226270100,226270100,1
214610100,214610100,1
229910100,229910100,1
237720100,237720100,1
218100100,218100100,1
222630100,222630100,1
212140100,212140100,1
236560100,236560100,1
236700100,236700100,1
231670100,231670100,1
226880100,226880100,1
231860100,231860100,1
218940100,218940100,1
247200100,247200100,1
209300100,209300100,1
228380100,228380100,1
206440100,206440100,1
214450100,214450100,1
208670100,208670100,1
141280100,141280100,1
215900100,215900100,1
226900100,226900100,1
230810100,230810100,1
193820100,193820100,1
230820100,230820100,1
207590100,207590100,1
222720100,222720100,1
147990100,147990100,1
222930100,222930100,1
207430100,207430100,1
219050100,219050100,1
212220100,212220100,1
231020100,231020100,1
212500100,212500100,1
200430100,200430100,1
213900100,213900100,1
147780100,147780100,1
215960100,215960100,1
217830100,217830100,1
214560100,214560100,1
232060100,232060100,1
212080100,212080100,1
208650100,208650100,1
215890100,215890100,1
245990100,245990100,1
213560100,213560100,1
218060100,218060100,1
226600100,226600100,1
216620100,216620100,1
220970100,220970100,1
206460100,206460100,1
232830100,232830100,1
229970100,229970100,1
193810100,193810100,1
222070100,222070100,1
209580100,209580100,1
150880100,150880100,1
230020100,230020100,1
221750100,221750100,1
218170100,218170100,1
218110100,218110100,1
223840100,223840100,1
145960100,145960100,1
206750100,206750100,1
140860100,140860100,1
222920100,222920100,1
213710100,213710100,1
220210100,220210100,1
242200100,242200100,1
187850100,187850100,1
204320100,204320100,1
207580100,207580100,1
221610100,221610100,1
217380100,217380100,1
222880100,222880100,1
214600100,214600100,1
207440100,207440100,1
222090100,222090100,1
234550100,234550100,1
227490100,227490100,1
224130100,224130100,1
204350100,204350100,1
205750100,205750100,1
212090100,212090100,1
208660100,208660100,1
204300100,204300100,1
216690100,216690100,1
209460100,209460100,1
236630100,236630100,1
204330100,204330100,1
204340100,204340100,1
215920100,215920100,1
205100100,205100100,1
213300100,213300100,1
220150100,220150100,1
143270100,143270100,1
218690100,218690100,1
146240100,146240100,1
204280100,204280100,1
218070100,218070100,1
232350100,232350100,1
210460100,210460100,1
199200100,199200100,1
236970100,236970100,1
142380100,142380100,1
204360100,204360100,1
206740100,206740100,1
208840100,208840100,1
252340100,252340100,1
207160100,207160100,1
215990100,215990100,1
211850100,211850100,1
203040100,203040100,1
224750100,224750100,1
199810100,199810100,1
204290100,204290100,1
192320100,192320100,1
190180100,190180100,1
204270100,204270100,1
239390100,239390100,1
212330100,212330100,1
184100100,184100100,1
207170100,207170100,1
182820100,182820100,1
207990100,207990100,1
205110100,205110100,1
201670100,201670100,1
199940100,199940100,1
185150100,185150100,1
195640100,195640100,1
133110100,133110100,1
210820100,210820100,1
214470100,214470100,1
181360100,181360100,1
201660100,201660100,1
200090100,200090100,1
218730100,218730100,1
201650100,201650100,1
194140100,194140100,1
213250100,213250100,1
150020100,150020100,1
178300100,178300100,1
193720100,193720100,1
200440100,200440100,1
200750100,200750100,1
203600100,203600100,1
189810100,189810100,1
196380100,196380100,1
202820100,202820100,1
194570100,194570100,1
183740100,183740100,1
231040100,231040100,1
251660100,251660100,1
232870100,232870100,1
249550100,249550100,1
265500100,265500100,1
221760100,221760100,1
280510100,280510100,1
228430100,228430100,1
246820100,246820100,1
229850100,229850100,1
263280100,263280100,1
262920100,262920100,1
219970100,219970100,1
283400100,283400100,1
230560100,230560100,1
238750100,238750100,1
238210100,238210100,1
220760100,220760100,1
232910100,232910100,1
255340100,255340100,1
270420100,270420100,1
232880100,232880100,1
231580100,231580100,1
264260100,264260100,1
242810100,242810100,1
227470100,227470100,1
208580100,208580100,1
230150100,230150100,1
232500100,232500100,1
235070100,235070100,1
216880100,216880100,1
230490100,230490100,1
263130100,263130100,1
254270100,254270100,1
254570100,254570100,1
239550100,239550100,1
230830100,230830100,1
232090100,232090100,1
266810100,266810100,1
229840100,229840100,1
235180100,235180100,1
265490100,265490100,1
244750100,244750100,1
241830100,241830100,1
141730100,141730100,1
242090100,242090100,1
236880100,236880100,1
237310100,237310100,1
222940100,222940100,1
263150100,263150100,1
227640100,227640100,1
217870100,217870100,1
278880100,278880100,1
145440100,145440100,1
288750100,288750100,1
265190100,265190100,1
237900100,237900100,1
247810100,247810100,1
221570100,221570100,1
248980100,248980100,1
140300100,140300100,1
208990100,208990100,1
232130100,232130100,1
241820100,241820100,1
262080100,262080100,1
230410100,230410100,1
227960100,227960100,1
223030100,223030100,1
224910100,224910100,1
220230100,220230100,1
204730100,204730100,1
202810100,202810100,1
188680100,188680100,1
247210100,247210100,1
207180100,207180100,1
151700100,151700100,1
232900100,232900100,1
264670100,264670100,1
145370100,145370100,1
229960100,229960100,1
216910100,216910100,1
141800100,141800100,1
229480100,229480100,1
221770100,221770100,1
264740100,264740100,1
263890100,263890100,1
233620100,233620100,1
240520100,240520100,1
182010100,182010100,1
252860100,252860100,1
269560100,269560100,1
222040100,222040100,1
218740100,218740100,1
208330100,208330100,1
229900100,229900100,1
147940100,147940100,1
221790100,221790100,1
227610100,227610100,1
217170100,217170100,1
144240100,144240100,1
151040100,151040100,1
238230100,238230100,1
234980100,234980100,1
215110100,215110100,1
220270100,220270100,1
199970100,199970100,1
201400100,201400100,1
234410100,234410100,1
222050100,222050100,1
193730100,193730100,1
150680100,150680100,1
200870100,200870100,1
212770100,212770100,1
181340100,181340100,1
192580100,192580100,1
209320100,209320100,1
205120100,205120100,1
209470100,209470100,1
142620100,142620100,1
221780100,221780100,1
106850100,106850100,1
194150100,194150100,1
226650100,226650100,1
218470100,218470100,1
200450100,200450100,1
206470100,206470100,1
224140100,224140100,1
215980100,215980100,1
209020100,209020100,1
211450100,211450100,1
222960100,222960100,1
201840100,201840100,1
211440100,211440100,1
209040100,209040100,1
186210100,186210100,1
229550100,229550100,1
265280100,265280100,1
298240100,298240100,1
264840100,264840100,1
305710100,305710100,1
309470100,309470100,1
298140100,298140100,1
310060100,310060100,1
274870100,274870100,1
277700100,277700100,1
313810100,313810100,1
287080100,287080100,1
250110100,250110100,1
148240100,148240100,1
282710100,282710100,1
303930100,303930100,1
326810100,326810100,1
314910100,314910100,1
285540100,285540100,1
285530100,285530100,1
287790100,287790100,1
264790100,264790100,1
291980100,291980100,1
295300100,295300100,1
148810100,148810100,1
320270100,320270100,1
289020100,289020100,1
285400100,285400100,1
198220100,198220100,1
247620100,247620100,1
264800100,264800100,1
298120100,298120100,1
289010100,289010100,1
241910100,241910100,1
306500100,306500100,1
289510100,289510100,1
278830100,278830100,1
263170100,263170100,1
282680100,282680100,1
287420100,287420100,1
251290100,251290100,1
251610100,251610100,1
265450100,265450100,1
244890100,244890100,1
313150100,313150100,1
287730100,287730100,1
229660100,229660100,1
284400100,284400100,1
246610100,246610100,1
269080100,269080100,1
296690100,296690100,1
281630100,281630100,1
297080100,297080100,1
141370100,141370100,1
317770100,317770100,1
264810100,264810100,1
288270100,288270100,1
251050100,251050100,1
284970100,284970100,1
289340100,289340100,1
274860100,274860100,1
282230100,282230100,1
294570100,294570100,1
239530100,239530100,1
209070100,209070100,1
263270100,263270100,1
305660100,305660100,1
309770100,309770100,1
233010100,233010100,1
284560100,284560100,1
234710100,234710100,1
229540100,229540100,1
283990100,283990100,1
264880100,264880100,1
251040100,251040100,1
230840100,230840100,1
235080100,235080100,1
231140100,231140100,1
229560100,229560100,1
251060100,251060100,1
150620100,150620100,1
237430100,237430100,1
229120100,229120100,1
251070100,251070100,1
144800100,144800100,1
263160100,263160100,1
265480100,265480100,1
280970100,280970100,1
202250100,202250100,1
235200100,235200100,1
253800100,253800100,1
256340100,256340100,1
207610100,207610100,1
264930100,264930100,1
257700100,257700100,1
243120100,243120100,1
258830100,258830100,1
192300100,192300100,1
235620100,235620100,1
284810100,284810100,1
243840100,243840100,1
238290100,238290100,1
240790100,240790100,1
202190100,202190100,1
210270100,210270100,1
237380100,237380100,1
243820100,243820100,1
175700100,175700100,1
264870100,264870100,1
218480100,218480100,1
232890100,232890100,1
225000100,225000100,1
226520100,226520100,1
140380100,140380100,1
263300100,263300100,1
236430100,236430100,1
213080100,213080100,1
202830100,202830100,1
223080100,223080100,1
264970100,264970100,1
321240100,321240100,1
307410100,307410100,1
321770100,321770100,1
311220100,311220100,1
263250100,263250100,1
321750100,321750100,1
323950100,323950100,1
328710100,328710100,1
294050100,294050100,1
289530100,289530100,1
295840100,295840100,1
280190100,280190100,1
236230100,236230100,1
219360100,219360100,1
281700100,281700100,1
313950100,313950100,1
334830100,334830100,1
307400100,307400100,1
288110100,288110100,1
276250100,276250100,1
284100100,284100100,1
228120100,228120100,1
202270100,202270100,1
221810100,221810100,1
229420100,229420100,1
229310100,229310100,1
243130100,243130100,1
276480100,276480100,1
149960100,149960100,1
181370100,181370100,1
241500100,241500100,1
298170100,298170100,1
213100100,213100100,1
263730100,263730100,1
248680100,248680100,1
222990100,222990100,1
